id,name,phone,email,last_update
1,Juan Pérez,5518575385,juan.perez@gmail.com,2025-05-25T05:11:39
2,María García,5576725367,maria.garcia@gmail.com,2025-05-25T05:11:39
3,Luis Martínez,5516257211,luis.martinez@yahoo.com,2025-05-25T05:11:39
4,Ana Hernández,5565831850,ana.hernandez@hotmail.com,2025-05-25T05:11:39
5,Carlos López,5532126524,carlos.lopez@yahoo.com,2025-05-25T05:11:39
6,Sofía González,5550163683,sofia.gonzalez@gmail.com,2025-05-25T05:11:39
7,José Sánchez,5581472435,jose.sanchez@outlook.com,2025-05-25T05:11:39
8,Laura Rodríguez,5521441108,laura.rodriguez@yahoo.com,2025-05-25T05:11:39
9,Miguel Ramírez,5583452671,miguel.ramirez@gmail.com,2025-05-25T05:11:39
10,Elena Flores,5525193329,elena.flores@hotmail.com,2025-05-25T05:11:39
11,Diego Torres,5513475780,diego.torres@outlook.com,2025-05-25T05:11:39
12,Fernanda Cruz,5588135347,fernanda.cruz@outlook.com,2025-05-25T05:11:39
13,Jorge Morales,5516025998,jorge.morales@yahoo.com,2025-05-25T05:11:39
14,Paola Castillo,5595478912,paola.castillo@hotmail.com,2025-05-25T05:11:39
15,Ricardo Ortiz,5596356165,ricardo.ortiz@gmail.com,2025-05-25T05:11:39
16,Valeria Silva,5575249400,valeria.silva@outlook.com,2025-05-25T05:11:39
17,Andrés Reyes,5598238964,andres.reyes@outlook.com,2025-05-25T05:11:39
18,Camila Vega,5571369356,camila.vega@gmail.com,2025-05-25T05:11:39
19,Héctor Mendoza,5539732353,hector.mendoza@outlook.com,2025-05-25T05:11:39
20,Lucía Navarro,5552903787,lucia.navarro@yahoo.com,2025-05-25T05:11:39
